{
  "camera": {
    "x": 152.76376857078407,
    "y": -409.33033790660147,
    "zoom": 1.7755164036781557
  },
  "views": [],
  "folds": [],
  "bookmarks": [],
  "lastSelectionIds": [
    "readGate1"
  ],
  "nodes": {
    "in08": {
      "x": 27.895407566498463,
      "y": 270.43464122506657,
      "sublabel": "Input"
    },
    "readGate1": {
      "x": 279.7727827268559,
      "y": 272.8508376296321,
      "sublabel": "AND"
    }
  },
  "edges": {}
}
