{
  "camera": {
    "x": 118.19057000881247,
    "y": -648.5589809122889,
    "zoom": 2.644670011030467
  },
  "views": [],
  "folds": [],
  "bookmarks": [],
  "lastSelectionIds": [
    "readGate1"
  ],
  "nodes": {
    "in08": {
      "x": 27.895407566498463,
      "y": 270.43464122506657,
      "sublabel": "Input"
    },
    "readGate1": {
      "x": 235.77061564939044,
      "y": 280.648690023107,
      "sublabel": "AND"
    }
  },
  "edges": {}
}
