{
  "camera": {
    "x": 142.30732327031626,
    "y": -95.27359272510776,
    "zoom": 0.8121020546679276
  },
  "views": [],
  "folds": [],
  "bookmarks": [],
  "nodes": {
    "in08": {
      "x": 27.895407566498463,
      "y": 269.7151338626869,
      "sublabel": "Input"
    },
    "readGate1": {
      "x": 259.1446822944741,
      "y": 284.253349556546,
      "sublabel": "AND"
    },
    "i0Test": {
      "x": 373,
      "y": 273,
      "sublabel": "Chain Inhibitor",
      "state": {
        "held": 0
      }
    },
    "i1": {
      "x": 729.593103448276,
      "y": 264.52413793103443,
      "sublabel": "Chain Inhibitor",
      "state": {
        "held": 0
      }
    },
    "inhibitRight0": {
      "x": 573,
      "y": 210,
      "sublabel": "INHIBIT(L=1,R=0)"
    },
    "i0": {
      "x": 468.6838938606544,
      "y": 267.64568496662326
    }
  },
  "edges": {
    "i1.out->readGate.ack": {
      "route": "below"
    }
  }
}
