{
  "camera": {
    "x": 416.3341151365731,
    "y": -29.737238981985172,
    "zoom": 0.5830121578366979
  },
  "views": [],
  "folds": [],
  "bookmarks": [],
  "nodes": {
    "in08": {
      "x": 27.895407566498463,
      "y": 270.43464122506657,
      "sublabel": "Input"
    },
    "readGate1": {
      "x": 456.03179559854,
      "y": 211.4906927820858,
      "sublabel": "AND"
    }
  },
  "edges": {},
  "lastSelectionIds": [
    "readGate1"
  ]
}
