{
  "camera": {
    "x": 110.99967712038242,
    "y": -118.54705076091989,
    "zoom": 0.8130717666838314
  },
  "views": [],
  "folds": [],
  "lastSelectionIds": [
    "i1"
  ],
  "nodes": {
    "in08": {
      "x": 27.895407566498463,
      "y": 271.3258531519133,
      "sublabel": "Input"
    },
    "readGate1": {
      "x": 314.2285458196418,
      "y": 253.18247302844725,
      "sublabel": "AND"
    },
    "i1": {
      "x": 875.97652657781,
      "y": 366.10649178160094,
      "sublabel": "ChainInhibitor"
    },
    "i0": {
      "x": 736.7819851487786,
      "y": 231.73997481602618
    }
  },
  "edges": {}
}
