{
  "camera": {
    "x": 166.94168844970386,
    "y": -190.1886563578542,
    "zoom": 1.0947919102409018
  },
  "views": [],
  "folds": [],
  "bookmarks": [],
  "lastSelectionIds": [
    "readGate1"
  ],
  "nodes": {
    "in08": {
      "x": 27.895407566498463,
      "y": 270.43464122506657,
      "sublabel": "Input"
    },
    "readGate1": {
      "x": 503.4204848692385,
      "y": 229.55088384630943,
      "sublabel": "AND"
    }
  },
  "edges": {}
}
