{
  "camera": {
    "x": 121.72666709391338,
    "y": -240.01525112380355,
    "zoom": 1.1916955889041503
  },
  "views": [],
  "folds": [],
  "lastSelectionIds": [
    "i1"
  ],
  "nodes": {
    "in08": {
      "x": 27.895407566498463,
      "y": 271.3258531519133,
      "sublabel": "Input"
    },
    "readGate1": {
      "x": 453.4177127738269,
      "y": 260.84426203509963,
      "sublabel": "AND"
    },
    "i1": {
      "x": 480.2175790166449,
      "y": 320.7890064595003,
      "sublabel": "ChainInhibitor"
    }
  },
  "edges": {}
}
