{
  "camera": {
    "x": 40.796341614658544,
    "y": -420.40193489718945,
    "zoom": 1.881349418147745
  },
  "views": [],
  "folds": [],
  "nodes": {
    "in08": {
      "x": 27.895407566498463,
      "y": 271.3258531519133,
      "sublabel": "Input"
    },
    "readGate1": {
      "x": 222.86909517755822,
      "y": 280.90004781111196,
      "sublabel": "AND"
    },
    "i1": {
      "x": 549.2418790733834,
      "y": 269.53387706552616,
      "sublabel": "ChainInhibitor"
    },
    "i0": {
      "x": 375.85407692959694,
      "y": 269.98468424144687
    },
    "inhibitRight0": {
      "x": 446.5391590585429,
      "y": 209.56906430954152,
      "sublabel": "INHIBIT(L=1,R=0)"
    },
    "input0": {
      "x": 62.11791534380307,
      "y": 568.0037269197001
    },
    "readGate0": {
      "x": 338.0631520937269,
      "y": 556.6245418990846
    },
    "chainInhibitor0": {
      "x": 594.4611897071741,
      "y": 552.9961336596388
    },
    "chainInhibitor1": {
      "x": 802.0439961267693,
      "y": 599.0702463775037
    },
    "chainInhibitor2": {
      "x": 1098.648352136505,
      "y": 624.0750697296845
    },
    "inhibitRightGate0": {
      "x": 1065.8946787149357,
      "y": 489.5288172544866
    }
  },
  "edges": {
    "i0.inhibitOut->inhibitRight0.left": {
      "route": "snake-v"
    },
    "i1.inhibitOut->inhibitRight0.right": {
      "route": "snake-v"
    }
  }
}
