{
  "camera": {
    "x": 139.04512389663316,
    "y": -88.98990635953618,
    "zoom": 0.7632532680297216
  },
  "views": [],
  "folds": [],
  "lastSelectionIds": [
    "i1"
  ],
  "nodes": {
    "in08": {
      "x": 27.895407566498463,
      "y": 271.3258531519133,
      "sublabel": "Input"
    },
    "readGate1": {
      "x": 365.88450255184995,
      "y": 258.1020879553242,
      "sublabel": "AND"
    },
    "i1": {
      "x": 875.97652657781,
      "y": 366.10649178160094,
      "sublabel": "ChainInhibitor"
    },
    "i0": {
      "x": 736.7819851487786,
      "y": 231.73997481602618
    }
  },
  "edges": {}
}
