{
  "camera": {
    "x": 223.91605187220762,
    "y": -46.76801010180091,
    "zoom": 0.6581555049010956
  },
  "views": [],
  "folds": [],
  "bookmarks": [],
  "nodes": {
    "in08": {
      "x": 27.895407566498463,
      "y": 270.43464122506657,
      "sublabel": "Input"
    },
    "readGate1": {
      "x": 503.4204848692385,
      "y": 229.55088384630943,
      "sublabel": "AND"
    },
    "ackSrc": {
      "x": 27.895407566498463,
      "y": 50,
      "sublabel": "Input"
    }
  },
  "edges": {},
  "lastSelectionIds": [
    "readGate1"
  ]
}
