{
  "camera": {
    "x": 38.755064520412176,
    "y": -30.580173604948726,
    "zoom": 0.7956764144722207
  },
  "views": [],
  "folds": [],
  "lastSelectionIds": [
    "i0"
  ],
  "nodes": {
    "in08": {
      "x": 27.895407566498463,
      "y": 271.3258531519133,
      "sublabel": "Input"
    },
    "readGate1": {
      "x": 475.45711084132387,
      "y": 224.34439380212777,
      "sublabel": "AND"
    },
    "i1": {
      "x": 997.5876543233385,
      "y": 215.95516205813047,
      "sublabel": "ChainInhibitor"
    },
    "i0": {
      "x": 717.598828213736,
      "y": 200.87799531204078
    },
    "inhibitRight0": {
      "x": 850.6323369252243,
      "y": 105.8226052891326,
      "sublabel": "INHIBIT(L=1,R=0)"
    }
  },
  "edges": {}
}
