{
  "camera": {
    "x": 82.61793009997841,
    "y": -78.65441660788758,
    "zoom": 0.8120689400677398
  },
  "views": [],
  "folds": [],
  "nodes": {
    "in08": {
      "x": 27.895407566498463,
      "y": 271.3258531519133,
      "sublabel": "Input"
    },
    "readGate1": {
      "x": 453.4177127738269,
      "y": 260.84426203509963,
      "sublabel": "AND"
    },
    "i1": {
      "x": 911.5529341785187,
      "y": 250.06883834993158,
      "sublabel": "ChainInhibitor"
    },
    "i0": {
      "x": 736.7819851487786,
      "y": 231.73997481602618
    }
  },
  "edges": {},
  "lastSelectionIds": [
    "i1"
  ]
}
