{
  "camera": {
    "x": 188.47371773982442,
    "y": -216.0576543045464,
    "zoom": 1.1107478903605927
  },
  "views": [],
  "folds": [],
  "lastSelectionIds": [
    "readGate1"
  ],
  "nodes": {
    "in08": {
      "x": 27.895407566498463,
      "y": 271.3258531519133,
      "sublabel": "Input"
    },
    "readGate1": {
      "x": 454.2568532467053,
      "y": 260.84426203509963,
      "sublabel": "AND"
    },
    "i1": {
      "x": 371.08337243092757,
      "y": 346.6908811145301,
      "sublabel": "Relay"
    }
  },
  "edges": {}
}
