{
  "camera": {
    "x": 28.576224177171426,
    "y": -153.1830570528544,
    "zoom": 0.9506638614088968
  },
  "views": [],
  "folds": [],
  "nodes": {
    "in08": {
      "x": 27.895407566498463,
      "y": 271.3258531519133,
      "sublabel": "Input"
    },
    "readGate1": {
      "x": 299.5061872578175,
      "y": 280.9000478111119,
      "sublabel": "AND"
    },
    "i1": {
      "x": 667.7741627678208,
      "y": 284.05426018419195,
      "sublabel": "ChainInhibitor"
    },
    "i0": {
      "x": 508.9713045361501,
      "y": 264.9744031888895
    },
    "inhibitRight0": {
      "x": 709.8715980584193,
      "y": 168.66222085467058,
      "sublabel": "INHIBIT(L=1,R=0)"
    }
  },
  "edges": {},
  "lastSelectionIds": [
    "i1"
  ]
}
