{
  "camera": {
    "x": 325.651605459047,
    "y": 209.3193583490352,
    "w": 337.0869366571802,
    "h": 180.75676313500972
  },
  "views": [],
  "bookmarks": []
}
