{
  "camera": {
    "x": -6.330463539476881,
    "y": -779.0735982629625,
    "zoom": 3.0843009928201655
  },
  "views": [],
  "folds": [],
  "bookmarks": [],
  "nodes": {
    "in08": {
      "x": 27.895407566498463,
      "y": 270.43464122506657,
      "sublabel": "Input"
    },
    "readGate1": {
      "x": 229.84523685815006,
      "y": 270.62941315791875,
      "sublabel": "AND"
    }
  },
  "edges": {}
}
