{
  "camera": {
    "x": 24.547158623526414,
    "y": -34.50282983995079,
    "zoom": 0.8498655689205068
  },
  "views": [],
  "folds": [],
  "nodes": {
    "in08": {
      "x": 27.895407566498463,
      "y": 271.3258531519133,
      "sublabel": "Input"
    },
    "readGate1": {
      "x": 299.5061872578175,
      "y": 280.9000478111119,
      "sublabel": "AND"
    },
    "i1": {
      "x": 717.7595452824748,
      "y": 266.5990472425667,
      "sublabel": "ChainInhibitor"
    },
    "i0": {
      "x": 508.9713045361501,
      "y": 264.9744031888895
    },
    "inhibitRight0": {
      "x": 610.6942517991852,
      "y": 142.47940144223276,
      "sublabel": "INHIBIT(L=1,R=0)"
    }
  },
  "edges": {}
}
