{
  "camera": {
    "x": -26.346001550485337,
    "y": -98.88288823887265,
    "zoom": 0.7831069212151974
  },
  "views": [],
  "folds": [],
  "lastSelectionIds": [
    "i1"
  ],
  "nodes": {
    "in08": {
      "x": 27.895407566498463,
      "y": 271.3258531519133,
      "sublabel": "Input"
    },
    "readGate1": {
      "x": 453.4177127738269,
      "y": 260.84426203509963,
      "sublabel": "AND"
    },
    "i1": {
      "x": 837.6675815445478,
      "y": 331.6755023543881,
      "sublabel": "ChainInhibitor"
    },
    "i0": {
      "x": 736.7819851487786,
      "y": 231.73997481602618
    }
  },
  "edges": {}
}
