{
  "camera": {
    "x": 151.71324148645624,
    "y": -470.6243618190762,
    "zoom": 1.925786312665289
  },
  "views": [],
  "folds": [],
  "bookmarks": [],
  "nodes": {
    "in08": {
      "x": 19.177296371814705,
      "y": 283,
      "sublabel": "Input"
    },
    "readGate1": {
      "x": 254.06074821080114,
      "y": 296.6536570552102,
      "sublabel": "AND"
    },
    "i0Test": {
      "x": 373,
      "y": 273,
      "sublabel": "Chain Inhibitor",
      "state": {
        "held": 0
      }
    },
    "i1": {
      "x": 816,
      "y": 280,
      "sublabel": "Chain Inhibitor",
      "state": {
        "held": 0
      }
    },
    "inhibitRight0": {
      "x": 573,
      "y": 210,
      "sublabel": "INHIBIT(L=1,R=0)"
    }
  },
  "edges": {
    "i1.out->readGate.ack": {
      "route": "below"
    }
  }
}
