{
  "camera": {
    "x": 136.94416829710963,
    "y": -641.3887364565628,
    "zoom": 2.5983884178593355
  },
  "views": [],
  "folds": [],
  "bookmarks": [],
  "lastSelectionIds": [
    "readGate1"
  ],
  "nodes": {
    "in08": {
      "x": 27.895407566498463,
      "y": 270.43464122506657,
      "sublabel": "Input"
    },
    "readGate1": {
      "x": 235.77061564939044,
      "y": 280.648690023107,
      "sublabel": "AND"
    }
  },
  "edges": {}
}
