{
  "camera": {
    "x": 151.41669199926875,
    "y": -24.410458170812976,
    "zoom": 0.7306489636593234
  },
  "views": [],
  "folds": [],
  "nodes": {
    "in08": {
      "x": 27.895407566498463,
      "y": 271.3258531519133,
      "sublabel": "Input"
    },
    "readGate1": {
      "x": 475.45711084132387,
      "y": 224.34439380212777,
      "sublabel": "AND"
    },
    "i1": {
      "x": 997.5876543233385,
      "y": 215.95516205813047,
      "sublabel": "ChainInhibitor"
    },
    "i0": {
      "x": 659.7261194987306,
      "y": 212.17023115887113
    },
    "inhibitRight0": {
      "x": 1200,
      "y": 215,
      "sublabel": "INHIBIT(L=1,R=0)"
    }
  },
  "edges": {},
  "lastSelectionIds": [
    "readGate1"
  ]
}
