{
  "camera": {
    "x": 135.52446743959723,
    "y": -169.59614562082828,
    "zoom": 0.9788187048067988
  },
  "views": [],
  "folds": [],
  "bookmarks": [],
  "lastSelectionIds": [
    "readGate1"
  ],
  "nodes": {
    "in08": {
      "x": 27.895407566498463,
      "y": 269.7151338626869,
      "sublabel": "Input"
    },
    "readGate1": {
      "x": 226.65592769512315,
      "y": 282.9844188314387,
      "sublabel": "AND"
    },
    "i0Test": {
      "x": 373,
      "y": 273,
      "sublabel": "Chain Inhibitor",
      "state": {
        "held": 0
      }
    },
    "i1": {
      "x": 816,
      "y": 280,
      "sublabel": "Chain Inhibitor",
      "state": {
        "held": 0
      }
    },
    "inhibitRight0": {
      "x": 573,
      "y": 210,
      "sublabel": "INHIBIT(L=1,R=0)"
    }
  },
  "edges": {
    "i1.out->readGate.ack": {
      "route": "below"
    }
  }
}
