{
  "camera": {
    "x": -295.2287091292734,
    "y": -179.36834336469263,
    "zoom": 1.3810601347065883
  },
  "views": [],
  "folds": [],
  "nodes": {
    "in08": {
      "x": 27.895407566498463,
      "y": 271.3258531519133,
      "sublabel": "Input"
    },
    "readGate1": {
      "x": 299.5061872578175,
      "y": 280.9000478111119,
      "sublabel": "AND"
    },
    "i1": {
      "x": 714.521626518403,
      "y": 270.7129092513763,
      "sublabel": "ChainInhibitor"
    },
    "i0": {
      "x": 513.8008426740637,
      "y": 271.163716427297
    },
    "inhibitRight0": {
      "x": 596.1529741479604,
      "y": 214.58426728184386,
      "sublabel": "INHIBIT(L=1,R=0)"
    },
    "input0": {
      "x": 62.11791534380307,
      "y": 568.0037269197001
    },
    "readGate0": {
      "x": 338.0631520937269,
      "y": 556.6245418990846
    },
    "chainInhibitor0": {
      "x": 594.4611897071741,
      "y": 552.9961336596388
    },
    "chainInhibitor1": {
      "x": 802.0439961267693,
      "y": 599.0702463775037
    },
    "chainInhibitor2": {
      "x": 1098.648352136505,
      "y": 624.0750697296845
    },
    "inhibitRightGate0": {
      "x": 1065.8946787149357,
      "y": 489.5288172544866
    }
  },
  "edges": {
    "i0.inhibitOut->inhibitRight0.left": {
      "route": "snake-v"
    },
    "i1.inhibitOut->inhibitRight0.right": {
      "route": "snake-v"
    }
  }
}
