{
  "camera": {
    "x": 279.45197419445617,
    "y": -267.34637360544104,
    "zoom": 1.3819293495203095
  },
  "views": [],
  "folds": [],
  "bookmarks": [],
  "lastSelectionIds": [
    "readGate1"
  ],
  "nodes": {
    "in08": {
      "x": 27.895407566498463,
      "y": 270.43464122506657,
      "sublabel": "Input"
    },
    "readGate1": {
      "x": 360.8810707836364,
      "y": 261.4033540357585,
      "sublabel": "AND"
    }
  },
  "edges": {}
}
