{
  "camera": {
    "x": 292.59164480656284,
    "y": -25.81600069436473,
    "zoom": 0.7618044714558174
  },
  "views": [],
  "folds": [],
  "bookmarks": [],
  "lastSelectionIds": [
    "readGate1"
  ],
  "nodes": {
    "in08": {
      "x": 27.895407566498463,
      "y": 270.43464122506657,
      "sublabel": "Input"
    },
    "readGate1": {
      "x": 503.4204848692385,
      "y": 229.55088384630943,
      "sublabel": "AND"
    }
  },
  "edges": {}
}
