{
  "camera": {
    "x": 224.4071874334031,
    "y": -177.8329750577682,
    "zoom": 1.1356923590026702
  },
  "views": [],
  "folds": [],
  "bookmarks": [],
  "lastSelectionIds": [
    "readGate1"
  ],
  "nodes": {
    "in08": {
      "x": 27.895407566498463,
      "y": 270.43464122506657,
      "sublabel": "Input"
    },
    "readGate1": {
      "x": 448.2197257862125,
      "y": 161.47572708869865,
      "sublabel": "AND"
    }
  },
  "edges": {}
}
