{
  "camera": {
    "x": 220.8856213193599,
    "y": -169.8127174567742,
    "zoom": 1.1135174877197418
  },
  "views": [],
  "folds": [],
  "lastSelectionIds": [
    "readGate1"
  ],
  "nodes": {
    "in08": {
      "x": 27.895407566498463,
      "y": 270.43464122506657,
      "sublabel": "Input"
    },
    "readGate1": {
      "x": 432.64415575006456,
      "y": 193.60722467050283,
      "sublabel": "AND"
    }
  },
  "edges": {}
}
