{
  "camera": {
    "x": 211.46407123662024,
    "y": -40.89131459025921,
    "zoom": 0.67959391582776
  },
  "views": [],
  "folds": [],
  "nodes": {
    "in08": {
      "x": 27.895407566498463,
      "y": 271.3258531519133,
      "sublabel": "Input"
    },
    "readGate1": {
      "x": 299.5061872578175,
      "y": 280.9000478111119,
      "sublabel": "AND"
    },
    "i1": {
      "x": 742.4588151272542,
      "y": 278.7947776236685,
      "sublabel": "ChainInhibitor"
    },
    "i0": {
      "x": 508.9713045361501,
      "y": 264.9744031888895
    },
    "inhibitRight0": {
      "x": 709.8715980584193,
      "y": 168.66222085467058,
      "sublabel": "INHIBIT(L=1,R=0)"
    }
  },
  "edges": {}
}
