{
  "camera": {
    "x": 203.85970669948748,
    "y": -149.98822838359027,
    "zoom": 0.9883522351271959
  },
  "views": [],
  "folds": [],
  "bookmarks": [],
  "lastSelectionIds": [
    "readGate1"
  ],
  "nodes": {
    "in08": {
      "x": 27.895407566498463,
      "y": 270.43464122506657,
      "sublabel": "Input"
    },
    "readGate1": {
      "x": 503.4204848692385,
      "y": 229.55088384630943,
      "sublabel": "AND"
    }
  },
  "edges": {}
}
