{
  "camera": {
    "x": 133.5737924917156,
    "y": -188.84765505300015,
    "zoom": 1.1740695719721794
  },
  "views": [],
  "folds": [],
  "lastSelectionIds": [
    "readGate1"
  ],
  "nodes": {
    "in08": {
      "x": 27.895407566498463,
      "y": 271.3258531519133,
      "sublabel": "Input"
    },
    "readGate1": {
      "x": 507.76948290937867,
      "y": 262.3953527499597,
      "sublabel": "AND"
    }
  },
  "edges": {}
}
