{
  "camera": {
    "x": 205.6589669078791,
    "y": -401.2520852170472,
    "zoom": 1.747003955412681
  },
  "views": [],
  "folds": [],
  "bookmarks": [],
  "nodes": {
    "in08": {
      "x": 27.895407566498463,
      "y": 269.7151338626869,
      "sublabel": "Input"
    },
    "readGate1": {
      "x": 259.1446822944741,
      "y": 284.253349556546,
      "sublabel": "AND"
    }
  },
  "edges": {}
}
