{
  "camera": {
    "x": 216.10776404093644,
    "y": -166.45865710929831,
    "zoom": 1.0533611743918836
  },
  "views": [],
  "folds": [],
  "bookmarks": [],
  "nodes": {
    "in08": {
      "x": 27.895407566498463,
      "y": 270.43464122506657,
      "sublabel": "Input"
    },
    "readGate1": {
      "x": 503.4204848692385,
      "y": 229.55088384630943,
      "sublabel": "AND"
    }
  },
  "edges": {},
  "lastSelectionIds": [
    "readGate1"
  ]
}
