{
  "camera": {
    "x": 31.720406589979746,
    "y": -49.702031416161475,
    "zoom": 0.8029018955741579
  },
  "views": [],
  "folds": [],
  "lastSelectionIds": [
    "inhibitRight0"
  ],
  "nodes": {
    "in08": {
      "x": 27.895407566498463,
      "y": 271.3258531519133,
      "sublabel": "Input"
    },
    "readGate1": {
      "x": 299.5061872578175,
      "y": 280.9000478111119,
      "sublabel": "AND"
    },
    "i1": {
      "x": 722.5890834203883,
      "y": 262.97689363913156,
      "sublabel": "ChainInhibitor"
    },
    "i0": {
      "x": 513.8008426740637,
      "y": 266.1817877233679
    },
    "inhibitRight0": {
      "x": 660.9322186776093,
      "y": 141.3872717274844,
      "sublabel": "INHIBIT(L=1,R=0)"
    }
  },
  "edges": {}
}
