{
  "camera": {
    "x": 180.92205457528215,
    "y": -432.27919855095763,
    "zoom": 1.8564214014910767
  },
  "views": [],
  "folds": [],
  "bookmarks": [],
  "nodes": {
    "in08": {
      "x": 27.895407566498463,
      "y": 270.43464122506657,
      "sublabel": "Input"
    },
    "readGate1": {
      "x": 235.77061564939044,
      "y": 280.648690023107,
      "sublabel": "AND"
    }
  },
  "edges": {},
  "lastSelectionIds": [
    "readGate1"
  ]
}
