{
  "camera": {
    "x": 62.64013016337523,
    "y": -88.10664603513126,
    "zoom": 0.7306489636593234
  },
  "views": [],
  "folds": [],
  "nodes": {
    "in08": {
      "x": 27.895407566498463,
      "y": 271.3258531519133,
      "sublabel": "Input"
    },
    "readGate1": {
      "x": 426.1858440763641,
      "y": 220.2384549050478,
      "sublabel": "AND"
    },
    "i1": {
      "x": 960.6342042496185,
      "y": 180.3703582834372,
      "sublabel": "ChainInhibitor"
    },
    "i0": {
      "x": 659.7261194987306,
      "y": 212.17023115887113
    }
  },
  "edges": {},
  "lastSelectionIds": [
    "i1"
  ]
}
