{
  "camera": {
    "x": 101.88365427421132,
    "y": -241.26420639393828,
    "zoom": 1.3121722129533875
  },
  "views": [],
  "folds": [],
  "bookmarks": [],
  "nodes": {
    "in08": {
      "x": 27.895407566498463,
      "y": 270.43464122506657,
      "sublabel": "Input"
    },
    "readGate1": {
      "x": 503.4204848692385,
      "y": 229.55088384630943,
      "sublabel": "AND"
    }
  },
  "edges": {}
}
