{
  "camera": {
    "x": 173.42443979751906,
    "y": -142.79558381866408,
    "zoom": 0.9597947369005037
  },
  "views": [],
  "folds": [],
  "nodes": {
    "in08": {
      "x": 27.895407566498463,
      "y": 271.3258531519133,
      "sublabel": "Input"
    },
    "readGate1": {
      "x": 426.1858440763641,
      "y": 220.2384549050478,
      "sublabel": "AND"
    },
    "i1": {
      "x": 875.97652657781,
      "y": 366.10649178160094,
      "sublabel": "ChainInhibitor"
    },
    "i0": {
      "x": 736.7819851487786,
      "y": 231.73997481602618
    }
  },
  "edges": {}
}
